url	comune	provincia	regione	trovato_con
https://rivolta-d-adda-api.municipiumapp.it/s3/5786/allegati/bando-sant-alberto-2026.pdf	Rivolta d'Adda	CR	Lombardia	ricerca web site:municipiumapp.it
https://rivolta-d-adda-api.municipiumapp.it/s3/5786/allegati/bando-2026-per-pubblicazione.pdf	Rivolta d'Adda	CR	Lombardia	ricerca web site:municipiumapp.it
https://seregno-api.municipiumapp.it/s3/6802/allegati/avviso_2026.pdf	Seregno	MB	Lombardia	ricerca web site:municipiumapp.it
https://valbrembilla-api.municipiumapp.it/s3/20029/allegati/avviso-fiera-2026.pdf	Val Brembilla	BG	Lombardia	ricerca web
https://ossona-api.municipiumapp.it/s3/4850/allegati/avvisoall1.pdf	Ossona	MI	Lombardia	ricerca web
https://monticello-brianza-api.municipiumapp.it/s3/4444/allegati/ut/prot_n_0002243_2026_stampa-copia.pdf	Monticello Brianza	LC	Lombardia	ricerca web
https://gandino-api.municipiumapp.it/s3/3034/allegati/news/bando-concessione-posteggio-fiera-san-giuseppe-gandino-2026_2030.pdf	Gandino	BG	Lombardia	ricerca web
https://curtatone-api.municipiumapp.it/s3/2504/allegati/bando_fiera_2026_completo.pdf	Curtatone	MN	Lombardia	ricerca web
https://brugherio-api.municipiumapp.it/s3/947/allegati/avvisi-suap/bando-mercato-agricolo-piazza-roma-25022026.pdf	Brugherio	MB	Lombardia	ricerca web
https://comune.gorgonzola.mi.it/novita/notizia/domanda-partecipazione-fiera-2026/	Gorgonzola	MI	Lombardia	ricerca web estesa
https://www.comune.pontida.bg.it/novita/avvisi/avviso-pubblico-di-assegnazione-posteggi-fiera-madonna-di-ca-de-rizzi-0	Pontida	BG	Lombardia	ricerca web estesa
https://comune.sedriano.mi.it/novita/notizia/avviso-pubblico-per-la-formazione-di-una-graduatoria-per-lassegnazione-temporanea-dei-posteggi-occasionalmente-liberi-nel-mercato-settimanale-primo-semetre-2026/	Sedriano	MI	Lombardia	ricerca web estesa
https://www.comune.melzo.mi.it/it/news/avviso-pubblico-per-la-domanda-di-miglioria-dei-posteggi-nel-mercato-settimanale-del-martedi-riservato-agli-operatori-gia-titolari-di-concessione	Melzo	MI	Lombardia	ricerca web estesa
https://comune.magenta.mi.it/mercati-e-fiere/fiera-di-san-biagio-2024-2/	Magenta	MI	Lombardia	ricerca web estesa
https://turate-api.municipiumapp.it/s3/7500/allegati/ff-2026/informativa-presentazione-domanda-commercio-ambulanti.pdf	Turate	CO	Lombardia	ricerca web
https://www.comune.almenno-san-salvatore.bg.it/novita/avvisi/avviso-della-modalita-di-partecipazione-alla-formazione-della-graduatoria-di-spunta-occasione-della-fiera-degli-uccelli-2026	Almenno San Salvatore	BG	Lombardia	ricerca web estesa
https://firenzuola-api.municipiumapp.it/s3/2797/allegati/1-bando-avviso-fiera-di-san-bartolomeo.pdf	Firenzuola	FI	Toscana	ricerca web site:municipiumapp.it
https://firenzuola-api.municipiumapp.it/s3/2797/allegati/1-bando-avviso-fiera-di-pasquetta_signed.pdf	Firenzuola	FI	Toscana	ricerca web
https://carrara-api.municipiumapp.it/s3/1421/allegati/all-a-bando-notte-blu-2026.pdf	Carrara	MS	Toscana	ricerca web
https://www2.comune.prato.it/avvisi/2026/archivio17_21_893.html	Prato	PO	Toscana	ricerca web estesa
https://www.comune.firenze.it/riscossioneonline/system/files/attachments/avviso-pubblico-fiera-di-primavera-2026.pdf	Firenze	FI	Toscana	ricerca web estesa
https://cloud.municipiumapp.it/s3/6467/allegati/modalita-assegnazione-whatsapp.pdf	Sansepolcro	AR	Toscana	ricerca web site:municipiumapp.it
https://cloud.municipiumapp.it/s3/5285/allegati/commercio/d-d-n-2652-del-24_12_2025.pdf	Pistoia	PT	Toscana	ricerca web
https://www.comune.castelfrancoveneto.tv.it/novita/assegnazione-dei-posteggi-liberi-nei-mercati-settimanali-del-martedi-e-del-venerdi-pubblicato-il-bando/	Castelfranco Veneto	TV	Veneto	ricerca web estesa
https://www.comune.venezia.it/it/content/avviso-pubblico-l-assegnazione-delle-concessioni-posteggi-liberi-mercato-giornaliero-0	Venezia	VE	Veneto	ricerca web estesa
https://orgiano-api.municipiumapp.it/s3/4779/allegati/bando-di-gara-26_signed.pdf	Orgiano	VI	Veneto	ricerca web
https://www.comune.genova.it/novita/avvisi/fiera-di-ss-cosma-e-damiano-2026-avviso-agli-operatori-commerciali-e-graduatoria	Genova	GE	Liguria	ricerca web estesa
https://www.comune.genova.it/novita/avvisi/fiera-di-s-antonio-2026-avviso-agli-operatori-commerciali-e-graduatoria-spuntisti	Genova	GE	Liguria	ricerca web estesa
https://www.comune.genova.it/novita/avvisi/fiera-di-maggio-2026-avviso-agli-operatori-commerciali-e-graduatoria-spuntisti	Genova	GE	Liguria	ricerca web estesa
https://www.comune.genova.it/novita/avvisi/fiera-di-pontedecimo-2026-avviso-agli-operatori-commerciali-e-graduatoria-spuntisti	Genova	GE	Liguria	ricerca web estesa
https://www.comune.genova.it/novita/avvisi/fiera-di-cornigliano-2026-avviso-agli-operatori-commerciali-e-graduatoria-spuntisti	Genova	GE	Liguria	ricerca web estesa
https://www.comune.genova.it/novita/avvisi/fiera-di-struppa-2026-avviso-agli-operatori-commerciali-e-graduatoria-spuntisti	Genova	GE	Liguria	ricerca web estesa
https://www.comune.genova.it/novita/avvisi/fiera-del-mare-2026-avviso-agli-operatori-commerciali-e-graduatoria-spuntisti	Genova	GE	Liguria	ricerca web estesa
https://www.comune.genova.it/novita/avvisi/fiera-di-s-pietro-foce-2026-avviso-agli-operatori-commerciali-e-graduatoria-spuntisti	Genova	GE	Liguria	ricerca web estesa
https://www.comune.genova.it/novita/avvisi/fiera-di-s-pietro-pra-2026-avviso-agli-operatori-commerciali-e-graduatoria-spuntisti	Genova	GE	Liguria	ricerca web estesa
https://www.comune.genova.it/novita/avvisi/fiera-di-s-salvatore-2026-avviso-agli-operatori-commerciali-e-graduatoria-spuntisti	Genova	GE	Liguria	ricerca web estesa
https://www.comune.genova.it/novita/avvisi/avviso-pubblico-manifestazione-di-interesse-alla-riassegnazione-di-n-18-concessioni	Genova	GE	Liguria	ricerca web estesa
https://acquapendente-api.municipiumapp.it/s3/31/allegati/bando-assegnazioni-posteggi-mercato-aprile2026.pdf	Acquapendente	VT	Lazio	ricerca web
https://www.comune.roma.it/web/it/bando-concorso.page?contentId=BEC1496430	Roma	RM	Lazio	ricerca web estesa
https://www.comune.roma.it/web/it/bando-concorso.page?contentId=BEC1557456	Roma	RM	Lazio	ricerca web estesa
https://www.comune.napoli.it/novita/avviso-110-posteggi-mercato-via-califano/	Napoli	NA	Campania	ricerca web estesa
https://www.comune.napoli.it/articolo_tematico/commercio-e-artigianato/servizio-mercati/avvisi/	Napoli	NA	Campania	ricerca web estesa
https://trani-api.municipiumapp.it/s3/7382/allegati/avviso-pubblico-posteggi-feste-2026.pdf	Trani	BT	Puglia	ricerca web
https://www.comune.taranto.it/it/news/avviso-pubblico-per-lassegnazione-dei-posteggi-nei-mercati-di-orsini-e-lama	Taranto	TA	Puglia	ricerca web estesa
https://www.comune.taranto.it/it/news/avviso-pubblico-per-il-commercio-su-aree-pubbliche-stagione-estiva-2026	Taranto	TA	Puglia	ricerca web estesa
https://www.comune.modugno.ba.it/notizia/fiera-del-crocifisso-2026-pubblicato-il-bando-per-lassegnazione-dei-posteggi/	Modugno	BA	Puglia	ricerca web estesa
https://castellana-grotte-api.municipiumapp.it/s3/1666/allegati/modulistica/ufficio-suap/caroseno-26/bando-feste-2026.pdf	Castellana Grotte	BA	Puglia	ricerca web estesa
https://www.comune.ostuni.br.it/novita/avviso-pubblico-per-lassegnazione-ed-il-rilascio-di-concessioni-di-posteggi-nellambito-della-fiera-di-santoronzo-2026/	Ostuni	BR	Puglia	ricerca web estesa
https://www.comune.catanzaro.it/files/Bandi/Avvisi%20vari/2026/Festa%20San%20Vitaliano/AVVISO%20PUBBLICO%20fiera%20SAN%20VITALIANO.pdf	Catanzaro	CZ	Calabria	ricerca web
https://www.comune.catanzaro.it/files/Bandi/Avvisi%20vari/2026/Fiera%20Madonna%20di%20Porto%20Salvo/AVVISO%20PUBBLICO%20FIERA%20MADONNA%20DI%20PORTO%20SALVO.pdf	Catanzaro	CZ	Calabria	ricerca web
https://paola-api.municipiumapp.it/s3/4969/allegati/avviso-fiera-maggio_2026_signed.pdf	Paola	CS	Calabria	ricerca web estesa
https://comune.castrovillari.cs.it/notizie/3545924/bando-assegnazione-posteggi-fiera-san-giovanni	Castrovillari	CS	Calabria	ricerca web estesa
https://www.comune.palermo.it/wp-content/uploads/2026/07/95f973c0-7bd5-4f1d-bfc6-2b2d5c0d35cb.pdf	Palermo	PA	Sicilia	rapporto precedente + ricerca web
https://www.comune.palermo.it/wp-content/uploads/2026/07/084458d4-c335-4717-957a-b59d92c4b6ea.pdf	Palermo	PA	Sicilia	ricerca web
https://www.comune.palermo.it/novita/avviso-pubblico-per-la-concessione-temporanea-di-occupazione-di-suolo-pubblico-per-lo-svolgimento-della-fiera-mercato-dei-ss-cosma-e-damiano-24-28-settembre-2026/	Palermo	PA	Sicilia	ricerca web estesa
https://www.comune.ragusa.it/en/news/132542/bando-posteggi-piazza-cappuccini	Ragusa	RG	Sicilia	ricerca web
https://caltanissetta-api.municipiumapp.it/s3/1099/allegati/avviso-pubblico-mercatini-di-natale-2026.pdf	Caltanissetta	CL	Sicilia	ricerca web
https://www.comune.caltanissetta.it/it/news/settimana-santa-2026-al-via-le-domande-per-lassegnazione-delle-postazioni-commerciali	Caltanissetta	CL	Sicilia	ricerca web estesa
https://custonaci-api.municipiumapp.it/s3/2511/allegati/bando-pubblico-per-chioschi.pdf	Custonaci	TP	Sicilia	ricerca web
https://comune.sestu.ca.it/wp-content/uploads/2026/01/Avviso-pubblico-spuntisti-2026.pdf	Sestu	CA	Sardegna	ricerca web
https://comune.sestu.ca.it/wp-content/uploads/2026/08/Bando-pubblico-posteggi-San-Gemiliano.pdf	Sestu	CA	Sardegna	ricerca web
https://comune.sestu.ca.it/wp-content/uploads/2026/02/Det.162_16.02.2026_graduatoria-spuntisti.pdf	Sestu	CA	Sardegna	ricerca web
https://www.comune.perugia.it/novita/avviso-pubblico-per-lassegnazione-temporanea-dei-posteggi-liberi-in-occasione-della-fiera-dei-morti-del-1-5-novembre-2026/	Perugia	PG	Umbria	ricerca web estesa
https://www.comune.jesi.an.it/w/avviso-pubblico-per-le-assegnazioni-di-posteggi-liberi-alla-fiera-di-san-settimio-per-l-anno-2026	Jesi	AN	Marche	ricerca web estesa
https://casalbordino-api.municipiumapp.it/s3/1449/allegati/avvisi/streetfood2026/avviso_signed.pdf	Casalbordino	CH	Abruzzo	ricerca web
https://aosta-api.municipiumapp.it/s3/266/allegati/sport/avviso-edizione-2026_con-data_signed.pdf	Aosta	AO	Valle d'Aosta	ricerca web
https://www.comune.modena.it/novita/notizie/2026/mercato-del-lunedi-pubblicata-la-graduatoria-di-spunta-per-lassegnazione-temporanea-dei-posteggi-lasciati-liberi-dai-titolari/su_det_dete_195_2026.pdf/@@download/file	Modena	MO	Emilia-Romagna	ricerca web
https://www.comune.modena.it/servizi/imprese-e-commercio/commercio-su-area-pubblica-fiera-di-santantonio-e-san-geminiano/allegati/su_det_dete_1811_2026-graduatoria.pdf/@@download/file	Modena	MO	Emilia-Romagna	ricerca web estesa
https://www.comune.torino.it/novita/notizie/bando-per-concessione-n-19-posteggi-isolati-destinati-allesercizio-dellattivita	Torino	TO	Piemonte	ricerca web estesa
https://www.comune.torino.it/novita/avvisi/assegnazione-diritto-superficie-chioschi-esistenti-sul-territorio-comunale	Torino	TO	Piemonte	ricerca web estesa
